customer_id,age,tenure_months,monthly_charges,total_charges,support_calls,contract_type,internet_service,payment_method,paperless_billing,churn
CUST-BAS-0001,41,9,65.89,637.87,0,One year,DSL,Mailed check,Yes,0
CUST-BAS-0002,45,20,80.82,1623.58,1,One year,Fiber optic,Credit card,No,1
CUST-BAS-0003,50,12,42.84,420.33,0,Two year,Fiber optic,Electronic check,Yes,0
CUST-BAS-0004,29,37,21.84,768.63,0,One year,No,Credit card,No,0
CUST-BAS-0005,42,7,63.71,404.69,0,Month-to-month,Fiber optic,Electronic check,Yes,0
CUST-BAS-0006,52,7,64.5,603.32,1,One year,Fiber optic,Bank transfer,Yes,0
CUST-BAS-0007,62,23,67.31,1543.15,1,Two year,DSL,Electronic check,Yes,0
CUST-BAS-0008,52,72,80.16,5731.91,1,Month-to-month,No,Credit card,Yes,0
CUST-BAS-0009,34,25,63.71,1622.71,2,Month-to-month,Fiber optic,Mailed check,Yes,1
CUST-BAS-0010,45,28,73.93,2004.33,0,Month-to-month,No,Credit card,No,0
CUST-BAS-0011,64,32,71.07,2401.46,1,Month-to-month,DSL,Electronic check,Yes,0
CUST-BAS-0012,35,9,57.71,519.24,3,Two year,Fiber optic,Credit card,Yes,0
CUST-BAS-0013,44,42,46.66,1987.07,0,Month-to-month,Fiber optic,Electronic check,No,0
CUST-BAS-0014,33,2,100.42,100.42,0,One year,Fiber optic,Bank transfer,No,1
CUST-BAS-0015,27,9,72.52,572.44,2,Month-to-month,Fiber optic,Credit card,No,1
CUST-BAS-0016,78,29,48.89,1447.57,0,Month-to-month,Fiber optic,Credit card,Yes,0
CUST-BAS-0017,60,7,79.97,662.35,3,Two year,Fiber optic,Electronic check,No,1
CUST-BAS-0018,65,24,37.92,929.54,2,Month-to-month,Fiber optic,Credit card,Yes,0
CUST-BAS-0019,40,72,42.31,2981.79,0,Month-to-month,Fiber optic,Bank transfer,Yes,0
CUST-BAS-0020,47,9,69.05,768.74,0,Two year,DSL,Electronic check,No,0
CUST-BAS-0021,72,53,61.04,3285.93,0,One year,Fiber optic,Credit card,Yes,0
CUST-BAS-0022,42,43,50.87,2206.42,4,Two year,DSL,Bank transfer,Yes,0
CUST-BAS-0023,60,22,64.37,1441.9,1,Month-to-month,DSL,Credit card,No,0
CUST-BAS-0024,42,6,46.68,225.27,0,Month-to-month,No,Electronic check,Yes,0
CUST-BAS-0025,28,21,80.58,1674.67,3,Month-to-month,DSL,Electronic check,Yes,0
CUST-BAS-0026,54,39,86.9,3420.78,8,Two year,Fiber optic,Electronic check,Yes,0
CUST-BAS-0027,63,13,43.81,689.2,0,Two year,DSL,Credit card,No,0
CUST-BAS-0028,44,10,46.96,338.1,0,Month-to-month,Fiber optic,Credit card,Yes,0
CUST-BAS-0029,41,28,57.1,1597.89,0,One year,No,Bank transfer,Yes,0
CUST-BAS-0030,44,41,59.86,2415.82,1,One year,Fiber optic,Electronic check,Yes,0
CUST-BAS-0031,56,50,56.17,2897.68,1,Month-to-month,Fiber optic,Electronic check,No,0
CUST-BAS-0032,22,7,69.02,513.41,1,Two year,Fiber optic,Credit card,Yes,0
CUST-BAS-0033,66,47,32.0,1581.91,2,Month-to-month,DSL,Electronic check,No,0
CUST-BAS-0034,25,9,71.0,608.76,2,Two year,Fiber optic,Bank transfer,Yes,0
CUST-BAS-0035,46,1,56.59,56.59,0,Month-to-month,No,Mailed check,Yes,0
CUST-BAS-0036,65,22,77.27,1687.95,4,Month-to-month,No,Electronic check,Yes,0
CUST-BAS-0037,41,26,53.52,1463.67,0,Month-to-month,DSL,Electronic check,No,1
CUST-BAS-0038,36,36,67.64,2338.29,0,Month-to-month,DSL,Electronic check,Yes,0
CUST-BAS-0039,41,10,54.06,478.71,0,Month-to-month,Fiber optic,Electronic check,Yes,0
CUST-BAS-0040,18,27,61.86,1747.97,0,Month-to-month,Fiber optic,Credit card,No,0
CUST-BAS-0041,35,18,73.44,1260.68,3,Two year,Fiber optic,Electronic check,Yes,0
CUST-BAS-0042,64,39,63.01,2416.37,0,Month-to-month,Fiber optic,Credit card,No,0
CUST-BAS-0043,27,6,81.99,495.82,1,One year,Fiber optic,Bank transfer,Yes,0
CUST-BAS-0044,37,16,89.35,1575.82,0,Month-to-month,Fiber optic,Bank transfer,Yes,0
CUST-BAS-0045,24,25,22.53,430.82,3,Two year,DSL,Bank transfer,Yes,0
CUST-BAS-0046,35,38,55.23,2106.72,0,One year,DSL,Credit card,Yes,0
CUST-BAS-0047,52,9,75.91,744.36,0,One year,Fiber optic,Electronic check,No,0
CUST-BAS-0048,48,22,58.42,1307.58,0,Two year,DSL,Bank transfer,No,0
CUST-BAS-0049,42,12,70.34,807.52,1,Two year,No,Credit card,No,0
CUST-BAS-0050,37,7,64.98,461.05,0,One year,Fiber optic,Electronic check,Yes,1
CUST-BAS-0051,41,14,66.08,892.61,1,Month-to-month,DSL,Electronic check,Yes,1
CUST-BAS-0052,49,11,70.24,709.34,1,Two year,Fiber optic,Electronic check,Yes,0
CUST-BAS-0053,55,29,68.99,2020.15,1,One year,DSL,Mailed check,Yes,1
CUST-BAS-0054,49,31,57.38,1760.95,1,One year,Fiber optic,Credit card,No,0
CUST-BAS-0055,57,3,26.79,168.8,0,Month-to-month,DSL,Mailed check,Yes,0
CUST-BAS-0056,52,28,93.84,2694.34,2,One year,Fiber optic,Mailed check,No,0
CUST-BAS-0057,32,20,76.53,1578.96,0,Two year,No,Electronic check,No,0
CUST-BAS-0058,25,16,64.25,860.22,0,Two year,DSL,Credit card,Yes,0
CUST-BAS-0059,40,50,103.93,5321.27,0,Two year,Fiber optic,Credit card,Yes,0
CUST-BAS-0060,48,6,76.59,572.49,0,Two year,DSL,Electronic check,Yes,0
CUST-BAS-0061,61,19,83.72,1608.38,1,One year,DSL,Credit card,No,1
CUST-BAS-0062,63,10,51.24,476.31,0,Month-to-month,DSL,Electronic check,No,0
CUST-BAS-0063,43,6,78.13,440.45,0,One year,DSL,Electronic check,Yes,0
CUST-BAS-0064,18,21,67.29,1442.37,0,Month-to-month,Fiber optic,Electronic check,Yes,0
CUST-BAS-0065,59,33,65.32,2116.93,0,Two year,DSL,Bank transfer,Yes,0
CUST-BAS-0066,46,1,88.13,88.13,2,Month-to-month,Fiber optic,Credit card,Yes,1
CUST-BAS-0067,33,72,63.11,4477.0,0,One year,DSL,Bank transfer,Yes,0
CUST-BAS-0068,47,55,84.34,4635.23,1,One year,DSL,Mailed check,Yes,0
CUST-BAS-0069,39,5,60.1,273.44,0,Month-to-month,DSL,Credit card,Yes,0
CUST-BAS-0070,23,17,53.34,770.52,2,One year,DSL,Mailed check,Yes,0
CUST-BAS-0071,26,49,37.51,1908.49,0,Month-to-month,Fiber optic,Bank transfer,Yes,0
CUST-BAS-0072,57,34,88.85,2993.91,0,Month-to-month,Fiber optic,Credit card,Yes,0
CUST-BAS-0073,71,51,93.98,4795.87,1,Two year,No,Bank transfer,Yes,0
CUST-BAS-0074,28,30,78.84,2344.5,1,One year,DSL,Electronic check,Yes,0
CUST-BAS-0075,31,11,37.84,393.59,1,Month-to-month,No,Bank transfer,Yes,0
CUST-BAS-0076,54,72,51.16,3727.78,5,One year,DSL,Credit card,Yes,0
CUST-BAS-0077,44,40,43.8,1839.8,0,One year,No,Credit card,No,0
CUST-BAS-0078,40,8,81.4,720.18,1,Month-to-month,No,Mailed check,Yes,1
CUST-BAS-0079,51,35,50.61,1662.12,0,Month-to-month,No,Mailed check,Yes,0
CUST-BAS-0080,63,20,95.11,1812.91,0,Two year,Fiber optic,Mailed check,Yes,0
CUST-BAS-0081,41,25,83.84,2027.0,8,One year,Fiber optic,Credit card,Yes,0
CUST-BAS-0082,39,11,79.47,967.31,1,Month-to-month,DSL,Electronic check,No,0
CUST-BAS-0083,48,31,52.53,1718.85,2,Two year,DSL,Electronic check,Yes,0
CUST-BAS-0084,24,16,49.37,778.26,1,Month-to-month,DSL,Electronic check,Yes,0
CUST-BAS-0085,32,29,92.48,2689.71,2,Two year,No,Credit card,Yes,0
CUST-BAS-0086,18,1,92.11,130.37,3,Two year,DSL,Credit card,Yes,0
CUST-BAS-0087,53,33,55.01,1732.96,3,Month-to-month,DSL,Electronic check,Yes,1
CUST-BAS-0088,40,44,72.52,3213.98,2,One year,Fiber optic,Mailed check,Yes,0
CUST-BAS-0089,43,1,82.82,82.82,2,Two year,DSL,Electronic check,Yes,0
CUST-BAS-0090,33,15,68.98,1160.28,0,Month-to-month,DSL,Electronic check,Yes,0
CUST-BAS-0091,54,72,68.31,4858.55,1,Month-to-month,DSL,Bank transfer,No,0
CUST-BAS-0092,34,66,61.73,4187.59,1,Month-to-month,DSL,Credit card,No,0
CUST-BAS-0093,30,28,40.08,1168.11,3,One year,Fiber optic,Credit card,Yes,0
CUST-BAS-0094,49,39,73.32,2890.38,1,Two year,DSL,Mailed check,No,0
CUST-BAS-0095,50,46,50.59,2393.71,1,Month-to-month,Fiber optic,Mailed check,Yes,0
CUST-BAS-0096,27,72,100.84,7236.5,0,Two year,Fiber optic,Credit card,Yes,0
CUST-BAS-0097,35,48,47.93,2340.26,3,Month-to-month,Fiber optic,Electronic check,No,0
CUST-BAS-0098,38,2,86.65,86.65,0,Month-to-month,Fiber optic,Mailed check,Yes,0
CUST-BAS-0099,65,4,90.57,400.27,0,One year,DSL,Mailed check,Yes,0
CUST-BAS-0100,54,3,50.61,156.28,3,Month-to-month,Fiber optic,Credit card,No,0
CUST-BAS-0101,59,22,85.01,1778.23,4,Month-to-month,Fiber optic,Electronic check,Yes,0
CUST-BAS-0102,48,29,65.94,1904.52,2,Month-to-month,Fiber optic,Credit card,Yes,0
CUST-BAS-0103,45,57,81.1,4656.5,0,Month-to-month,No,Electronic check,No,0
CUST-BAS-0104,50,5,66.82,321.5,0,Two year,Fiber optic,Electronic check,Yes,1
CUST-BAS-0105,42,38,47.03,1896.61,0,Two year,DSL,Electronic check,Yes,0
CUST-BAS-0106,49,56,49.26,2748.89,4,Month-to-month,DSL,Credit card,No,0
CUST-BAS-0107,47,2,65.22,210.33,1,Month-to-month,Fiber optic,Credit card,Yes,1
CUST-BAS-0108,42,17,62.51,1044.4,1,Two year,DSL,Bank transfer,No,0
CUST-BAS-0109,34,12,72.89,959.21,0,Month-to-month,Fiber optic,Credit card,No,0
CUST-BAS-0110,67,2,72.91,120.78,0,One year,No,Credit card,Yes,0
CUST-BAS-0111,40,12,77.06,873.83,1,One year,No,Bank transfer,No,0
CUST-BAS-0112,57,7,61.91,394.78,0,Two year,Fiber optic,Bank transfer,Yes,0
CUST-BAS-0113,63,48,28.69,1419.99,1,One year,Fiber optic,Mailed check,No,0
CUST-BAS-0114,61,10,67.93,685.38,2,One year,Fiber optic,Electronic check,Yes,1
CUST-BAS-0115,43,15,56.47,883.03,0,Month-to-month,DSL,Bank transfer,Yes,1
CUST-BAS-0116,45,27,62.4,1638.8,1,One year,DSL,Electronic check,No,0
CUST-BAS-0117,33,32,75.26,2394.1,0,One year,Fiber optic,Credit card,Yes,1
CUST-BAS-0118,51,4,68.44,331.69,0,One year,Fiber optic,Credit card,No,0
CUST-BAS-0119,55,2,40.76,40.76,2,Month-to-month,Fiber optic,Mailed check,No,0
CUST-BAS-0120,34,15,71.77,1085.39,0,Two year,DSL,Bank transfer,No,0
CUST-BAS-0121,48,25,57.86,1414.58,0,Month-to-month,Fiber optic,Electronic check,Yes,1
CUST-BAS-0122,43,20,82.86,1623.62,1,Two year,No,Electronic check,Yes,0
CUST-BAS-0123,25,30,50.75,1596.97,0,Two year,DSL,Bank transfer,No,0
CUST-BAS-0124,35,28,43.49,1126.14,1,Month-to-month,Fiber optic,Credit card,Yes,0
CUST-BAS-0125,58,10,76.4,706.01,0,Month-to-month,No,Electronic check,No,0
CUST-BAS-0126,33,17,38.95,623.61,2,Month-to-month,DSL,Bank transfer,Yes,0
CUST-BAS-0127,46,3,74.23,158.04,2,Month-to-month,DSL,Credit card,Yes,1
CUST-BAS-0128,48,21,78.43,1699.78,0,Month-to-month,Fiber optic,Credit card,No,0
CUST-BAS-0129,48,32,72.23,2280.21,0,One year,DSL,Mailed check,No,0
CUST-BAS-0130,39,12,96.3,1135.31,0,One year,No,Electronic check,Yes,0
CUST-BAS-0131,50,49,44.28,2143.08,1,One year,DSL,Credit card,Yes,0
CUST-BAS-0132,49,7,88.66,596.39,0,Month-to-month,Fiber optic,Bank transfer,Yes,0
CUST-BAS-0133,57,1,36.88,52.51,0,One year,Fiber optic,Credit card,Yes,0
CUST-BAS-0134,20,5,51.89,284.97,1,Month-to-month,DSL,Electronic check,No,0
CUST-BAS-0135,32,46,65.71,3010.02,0,Two year,Fiber optic,Mailed check,No,0
CUST-BAS-0136,55,21,101.43,2104.83,2,Month-to-month,Fiber optic,Credit card,No,0
CUST-BAS-0137,63,53,89.92,4809.23,0,One year,Fiber optic,Mailed check,Yes,0
CUST-BAS-0138,40,17,66.55,1143.6,0,One year,Fiber optic,Mailed check,Yes,1
CUST-BAS-0139,66,29,54.51,1561.23,2,Month-to-month,Fiber optic,Bank transfer,No,0
CUST-BAS-0140,29,1,81.16,105.02,2,One year,DSL,Credit card,Yes,0
CUST-BAS-0141,42,15,74.34,1066.95,2,One year,Fiber optic,Mailed check,Yes,1
CUST-BAS-0142,42,4,46.55,224.82,0,Month-to-month,DSL,Electronic check,No,1
CUST-BAS-0143,28,72,65.51,4830.7,1,Month-to-month,DSL,Credit card,No,0
CUST-BAS-0144,45,12,66.29,704.56,1,One year,Fiber optic,Electronic check,Yes,0
CUST-BAS-0145,53,17,96.88,1641.72,1,One year,No,Electronic check,No,0
CUST-BAS-0146,47,6,109.45,696.08,0,Two year,DSL,Electronic check,No,1
CUST-BAS-0147,29,56,93.54,5105.51,0,Month-to-month,Fiber optic,Bank transfer,No,0
CUST-BAS-0148,66,19,28.11,536.39,0,Two year,DSL,Electronic check,Yes,0
CUST-BAS-0149,32,2,64.53,255.75,1,Month-to-month,DSL,Credit card,No,0
CUST-BAS-0150,50,12,83.42,1000.43,5,Two year,Fiber optic,Credit card,Yes,0
CUST-BAS-0151,29,4,28.82,52.93,1,Two year,Fiber optic,Electronic check,No,0
CUST-BAS-0152,54,26,50.08,1159.08,0,One year,DSL,Credit card,Yes,0
CUST-BAS-0153,43,37,77.83,2933.0,0,Month-to-month,DSL,Electronic check,Yes,0
CUST-BAS-0154,43,70,59.81,4188.54,2,One year,No,Credit card,Yes,0
CUST-BAS-0155,49,12,55.96,596.63,0,One year,No,Bank transfer,No,0
CUST-BAS-0156,25,20,77.72,1584.48,0,Two year,Fiber optic,Credit card,Yes,0
CUST-BAS-0157,26,3,61.1,339.09,0,Two year,DSL,Credit card,No,0
CUST-BAS-0158,59,29,43.15,1281.69,0,Two year,DSL,Credit card,Yes,0
CUST-BAS-0159,18,2,85.26,299.1,0,Month-to-month,Fiber optic,Electronic check,No,1
CUST-BAS-0160,33,52,68.9,3675.09,1,Month-to-month,Fiber optic,Credit card,Yes,0
CUST-BAS-0161,50,30,65.26,2047.13,1,One year,No,Credit card,No,1
CUST-BAS-0162,48,24,51.12,1136.67,0,One year,DSL,Credit card,Yes,0
CUST-BAS-0163,20,32,72.48,2275.25,0,Month-to-month,Fiber optic,Credit card,Yes,0
CUST-BAS-0164,36,35,65.46,2162.66,4,Month-to-month,Fiber optic,Credit card,Yes,0
CUST-BAS-0165,42,3,82.51,207.62,0,Month-to-month,DSL,Electronic check,No,1
CUST-BAS-0166,58,11,70.74,702.06,0,One year,Fiber optic,Electronic check,No,0
CUST-BAS-0167,52,12,66.4,836.37,0,One year,No,Bank transfer,Yes,0
CUST-BAS-0168,32,60,64.69,3772.07,0,Month-to-month,DSL,Electronic check,Yes,0
CUST-BAS-0169,21,9,68.18,532.01,5,One year,Fiber optic,Mailed check,Yes,0
CUST-BAS-0170,69,39,75.76,3028.24,0,Month-to-month,Fiber optic,Electronic check,Yes,0
CUST-BAS-0171,31,11,55.58,649.23,1,Month-to-month,No,Bank transfer,Yes,0
CUST-BAS-0172,29,35,58.81,2172.1,0,One year,No,Credit card,No,0
CUST-BAS-0173,42,18,65.13,1216.18,4,Two year,DSL,Credit card,No,0
CUST-BAS-0174,59,27,74.52,1981.15,1,Month-to-month,No,Electronic check,Yes,0
CUST-BAS-0175,55,15,91.45,1387.01,1,Two year,No,Bank transfer,Yes,0
CUST-BAS-0176,54,30,53.58,1598.41,0,Two year,Fiber optic,Credit card,No,0
CUST-BAS-0177,31,26,47.31,1219.31,0,Month-to-month,DSL,Electronic check,No,0
CUST-BAS-0178,52,34,62.18,2169.06,3,Two year,Fiber optic,Electronic check,No,0
CUST-BAS-0179,67,72,64.87,4667.64,2,Month-to-month,Fiber optic,Bank transfer,Yes,0
CUST-BAS-0180,58,6,28.37,133.94,1,Month-to-month,DSL,Credit card,Yes,0
CUST-BAS-0181,25,2,64.03,188.02,0,One year,Fiber optic,Bank transfer,Yes,0
CUST-BAS-0182,37,72,83.81,5983.08,0,Two year,Fiber optic,Credit card,No,0
CUST-BAS-0183,29,36,58.99,2189.01,3,Two year,Fiber optic,Bank transfer,Yes,0
CUST-BAS-0184,43,19,111.45,2053.04,3,Two year,Fiber optic,Credit card,Yes,0
CUST-BAS-0185,35,22,121.84,2718.12,0,Two year,No,Credit card,Yes,1
CUST-BAS-0186,55,8,80.47,741.52,2,One year,DSL,Electronic check,No,0
CUST-BAS-0187,50,3,49.82,159.35,1,Month-to-month,Fiber optic,Electronic check,Yes,1
CUST-BAS-0188,65,72,59.75,4400.64,0,One year,DSL,Electronic check,Yes,0
CUST-BAS-0189,30,63,80.91,5104.04,1,Month-to-month,Fiber optic,Mailed check,Yes,0
CUST-BAS-0190,50,5,68.65,254.58,0,One year,DSL,Credit card,No,0
CUST-BAS-0191,43,58,99.17,5678.15,0,Month-to-month,DSL,Electronic check,Yes,1
CUST-BAS-0192,38,24,78.45,1929.67,0,Month-to-month,Fiber optic,Credit card,Yes,0
CUST-BAS-0193,48,20,50.54,1054.43,0,Month-to-month,DSL,Bank transfer,No,0
CUST-BAS-0194,23,24,84.88,2053.89,0,Two year,No,Electronic check,No,1
CUST-BAS-0195,24,41,85.7,3566.27,4,One year,Fiber optic,Mailed check,Yes,0
CUST-BAS-0196,36,32,57.21,1761.91,1,Month-to-month,Fiber optic,Credit card,Yes,0
CUST-BAS-0197,43,1,70.48,70.48,0,One year,DSL,Credit card,No,0
CUST-BAS-0198,52,72,67.62,4837.22,2,Month-to-month,DSL,Bank transfer,Yes,0
CUST-BAS-0199,46,26,71.79,1881.06,1,Month-to-month,DSL,Credit card,Yes,0
CUST-BAS-0200,40,20,60.91,1334.14,1,Month-to-month,DSL,Bank transfer,Yes,0
CUST-BAS-0201,55,7,89.72,559.81,0,Month-to-month,No,Bank transfer,No,0
CUST-BAS-0202,50,72,94.06,6737.52,2,Month-to-month,Fiber optic,Electronic check,Yes,0
CUST-BAS-0203,18,10,74.8,780.27,1,Two year,No,Credit card,No,0
CUST-BAS-0204,50,6,44.41,149.42,2,Month-to-month,DSL,Electronic check,Yes,0
CUST-BAS-0205,22,6,46.94,292.65,1,One year,DSL,Credit card,No,0
CUST-BAS-0206,42,72,77.74,5589.62,10,One year,Fiber optic,Credit card,Yes,0
CUST-BAS-0207,22,13,59.0,839.69,0,Month-to-month,Fiber optic,Credit card,Yes,1
CUST-BAS-0208,41,51,83.87,4245.3,0,One year,Fiber optic,Electronic check,Yes,0
CUST-BAS-0209,31,5,60.07,294.8,0,Month-to-month,No,Credit card,No,0
CUST-BAS-0210,67,72,55.85,3962.52,0,Two year,Fiber optic,Bank transfer,Yes,0
CUST-BAS-0211,25,2,62.25,150.4,0,Two year,No,Bank transfer,No,0
CUST-BAS-0212,35,34,90.33,3075.65,0,One year,DSL,Credit card,Yes,0
CUST-BAS-0213,59,1,69.95,119.23,0,Month-to-month,No,Electronic check,No,0
CUST-BAS-0214,18,3,77.41,253.23,0,One year,No,Electronic check,Yes,0
CUST-BAS-0215,29,72,81.93,5951.79,0,One year,No,Bank transfer,No,0
CUST-BAS-0216,50,23,71.33,1643.68,0,One year,DSL,Bank transfer,Yes,0
CUST-BAS-0217,56,1,81.44,205.77,0,Two year,No,Credit card,Yes,1
CUST-BAS-0218,30,23,109.49,2548.94,0,Two year,DSL,Bank transfer,No,0
CUST-BAS-0219,50,8,73.98,695.89,2,Month-to-month,No,Electronic check,No,1
CUST-BAS-0220,41,19,74.9,1419.63,0,Two year,Fiber optic,Bank transfer,No,0
CUST-BAS-0221,43,9,64.63,567.03,6,One year,Fiber optic,Mailed check,Yes,0
CUST-BAS-0222,38,27,77.46,1993.35,0,Month-to-month,DSL,Credit card,No,0
CUST-BAS-0223,44,10,70.14,688.84,0,Month-to-month,Fiber optic,Electronic check,Yes,0
CUST-BAS-0224,45,12,89.26,1119.56,0,Month-to-month,Fiber optic,Credit card,Yes,0
CUST-BAS-0225,73,24,41.07,923.36,0,Month-to-month,Fiber optic,Electronic check,Yes,1
CUST-BAS-0226,48,19,81.14,1564.66,0,One year,DSL,Electronic check,Yes,0
CUST-BAS-0227,54,27,63.89,1762.53,2,Month-to-month,Fiber optic,Bank transfer,No,0
CUST-BAS-0228,52,72,73.75,5363.78,4,Two year,Fiber optic,Bank transfer,Yes,0
CUST-BAS-0229,44,47,86.46,3910.78,0,Month-to-month,DSL,Credit card,Yes,0
CUST-BAS-0230,33,17,64.0,1020.55,0,One year,No,Bank transfer,Yes,0
CUST-BAS-0231,37,30,59.04,1625.09,1,Two year,Fiber optic,Mailed check,Yes,0
CUST-BAS-0232,42,33,38.35,1234.42,0,Two year,DSL,Credit card,Yes,0
CUST-BAS-0233,36,29,54.9,1583.52,0,Two year,DSL,Credit card,No,0
CUST-BAS-0234,44,8,47.28,372.97,1,One year,DSL,Credit card,No,0
CUST-BAS-0235,31,1,68.95,68.95,0,Month-to-month,No,Electronic check,No,1
CUST-BAS-0236,56,6,48.65,299.81,0,One year,Fiber optic,Electronic check,No,1
CUST-BAS-0237,54,32,47.88,1577.77,0,Two year,Fiber optic,Electronic check,Yes,0
CUST-BAS-0238,41,15,79.31,1274.85,0,Month-to-month,DSL,Electronic check,Yes,0
CUST-BAS-0239,41,39,57.27,2184.62,2,Month-to-month,Fiber optic,Bank transfer,Yes,0
CUST-BAS-0240,46,56,43.69,2430.56,1,One year,DSL,Credit card,No,0
CUST-BAS-0241,51,10,43.06,403.55,1,Month-to-month,Fiber optic,Electronic check,Yes,1
CUST-BAS-0242,28,15,80.47,1255.78,0,One year,DSL,Credit card,No,0
CUST-BAS-0243,36,11,69.64,841.19,0,Month-to-month,Fiber optic,Electronic check,Yes,0
CUST-BAS-0244,40,19,61.56,1107.86,2,One year,Fiber optic,Electronic check,No,0
CUST-BAS-0245,40,5,91.08,474.42,0,One year,DSL,Credit card,Yes,1
CUST-BAS-0246,19,13,71.31,910.02,1,One year,No,Electronic check,No,0
CUST-BAS-0247,28,17,134.63,2320.93,0,Two year,DSL,Mailed check,No,0
CUST-BAS-0248,27,12,62.78,664.14,0,Month-to-month,Fiber optic,Electronic check,Yes,0
CUST-BAS-0249,40,11,90.97,1138.45,1,Month-to-month,Fiber optic,Bank transfer,No,0
CUST-BAS-0250,62,43,118.12,4979.85,2,Month-to-month,No,Electronic check,No,0
CUST-BAS-0251,44,19,42.04,864.01,1,Month-to-month,Fiber optic,Credit card,Yes,0
CUST-BAS-0252,52,9,84.91,739.9,3,Month-to-month,Fiber optic,Bank transfer,No,0
CUST-BAS-0253,24,12,75.86,938.21,0,One year,Fiber optic,Credit card,Yes,0
CUST-BAS-0254,33,24,50.02,1170.23,0,One year,Fiber optic,Electronic check,No,0
CUST-BAS-0255,61,16,94.01,1585.9,0,Two year,Fiber optic,Bank transfer,Yes,0
CUST-BAS-0256,68,9,61.29,510.87,0,Two year,Fiber optic,Credit card,Yes,0
CUST-BAS-0257,45,34,95.15,3194.94,0,One year,Fiber optic,Electronic check,No,1
CUST-BAS-0258,20,72,60.53,4374.39,0,Month-to-month,DSL,Electronic check,Yes,0
CUST-BAS-0259,58,39,92.54,3512.28,0,Two year,Fiber optic,Credit card,Yes,0
CUST-BAS-0260,51,28,79.77,2288.07,1,Two year,Fiber optic,Electronic check,No,0
CUST-BAS-0261,18,11,99.81,1115.93,0,Month-to-month,Fiber optic,Credit card,Yes,0
CUST-BAS-0262,23,53,60.7,3170.89,0,One year,DSL,Electronic check,Yes,0
CUST-BAS-0263,58,3,63.09,276.46,0,One year,DSL,Mailed check,No,0
CUST-BAS-0264,62,24,50.9,1295.33,1,Two year,DSL,Electronic check,Yes,0
CUST-BAS-0265,47,44,70.57,3017.51,0,One year,DSL,Credit card,No,0
CUST-BAS-0266,39,9,61.08,622.06,0,Two year,DSL,Credit card,Yes,0
CUST-BAS-0267,41,34,62.96,2097.29,1,Two year,Fiber optic,Electronic check,Yes,0
CUST-BAS-0268,36,38,68.47,2569.13,1,One year,Fiber optic,Mailed check,Yes,0
CUST-BAS-0269,42,4,58.3,229.95,1,Month-to-month,No,Bank transfer,Yes,0
CUST-BAS-0270,48,35,62.61,2179.29,0,Month-to-month,DSL,Credit card,Yes,0
CUST-BAS-0271,57,36,83.16,2966.27,0,One year,Fiber optic,Bank transfer,Yes,0
CUST-BAS-0272,48,72,83.28,5931.79,3,One year,Fiber optic,Electronic check,Yes,0
CUST-BAS-0273,42,13,76.18,1056.34,0,Two year,Fiber optic,Bank transfer,No,0
CUST-BAS-0274,49,9,78.0,654.1,1,Month-to-month,Fiber optic,Credit card,Yes,0
CUST-BAS-0275,26,19,74.41,1373.81,1,Month-to-month,No,Bank transfer,Yes,1
CUST-BAS-0276,48,12,88.67,951.45,3,Month-to-month,DSL,Bank transfer,No,1
CUST-BAS-0277,34,19,66.53,1163.86,0,Two year,DSL,Electronic check,No,0
CUST-BAS-0278,40,13,76.49,990.01,0,Month-to-month,No,Electronic check,Yes,0
CUST-BAS-0279,52,8,66.05,567.42,0,Two year,DSL,Bank transfer,Yes,0
CUST-BAS-0280,47,42,59.99,2500.41,0,One year,Fiber optic,Credit card,No,0
CUST-BAS-0281,39,4,82.19,315.41,0,One year,No,Bank transfer,Yes,0
CUST-BAS-0282,48,8,55.68,506.87,1,Month-to-month,No,Electronic check,Yes,0
CUST-BAS-0283,43,17,55.35,968.96,2,Month-to-month,Fiber optic,Bank transfer,No,1
CUST-BAS-0284,32,28,54.38,1454.88,0,Two year,Fiber optic,Electronic check,No,0
CUST-BAS-0285,62,50,97.27,4850.94,0,Month-to-month,DSL,Electronic check,Yes,0
CUST-BAS-0286,45,32,74.83,2434.54,0,Month-to-month,No,Electronic check,Yes,0
CUST-BAS-0287,39,22,86.81,1830.12,0,Month-to-month,Fiber optic,Electronic check,No,0
CUST-BAS-0288,26,44,100.34,4407.41,0,One year,DSL,Mailed check,Yes,0
CUST-BAS-0289,48,7,83.27,758.48,2,Two year,Fiber optic,Mailed check,Yes,0
CUST-BAS-0290,43,3,61.17,140.85,2,Two year,Fiber optic,Mailed check,Yes,0
CUST-BAS-0291,47,51,52.89,2796.75,2,Month-to-month,DSL,Bank transfer,No,0
CUST-BAS-0292,47,72,47.66,3398.97,0,Two year,No,Credit card,Yes,0
CUST-BAS-0293,51,7,76.04,641.67,0,Month-to-month,No,Electronic check,Yes,0
CUST-BAS-0294,31,11,92.7,1031.56,3,Two year,No,Bank transfer,No,0
CUST-BAS-0295,55,3,62.55,163.84,0,Month-to-month,Fiber optic,Mailed check,No,0
CUST-BAS-0296,37,72,54.63,3793.22,2,Month-to-month,DSL,Electronic check,Yes,0
CUST-BAS-0297,58,72,89.86,6619.58,3,Month-to-month,No,Mailed check,Yes,0
CUST-BAS-0298,27,7,30.25,150.62,0,One year,Fiber optic,Mailed check,Yes,0
CUST-BAS-0299,60,29,83.96,2437.4,2,Month-to-month,Fiber optic,Electronic check,Yes,1
CUST-BAS-0300,43,14,63.82,723.1,2,One year,Fiber optic,Credit card,Yes,0
CUST-BAS-0301,55,33,49.31,1662.69,0,Month-to-month,No,Electronic check,Yes,0
CUST-BAS-0302,47,13,66.44,782.44,2,Month-to-month,DSL,Credit card,Yes,1
CUST-BAS-0303,50,62,65.18,4034.76,0,Month-to-month,Fiber optic,Electronic check,No,0
CUST-BAS-0304,33,9,69.45,645.73,1,Two year,Fiber optic,Credit card,Yes,0
CUST-BAS-0305,34,6,48.26,229.33,0,Month-to-month,Fiber optic,Electronic check,No,0
CUST-BAS-0306,52,30,87.96,2682.95,0,Two year,Fiber optic,Credit card,Yes,0
CUST-BAS-0307,45,2,83.08,96.38,1,One year,Fiber optic,Credit card,Yes,0
CUST-BAS-0308,34,51,76.81,3855.77,0,Two year,DSL,Bank transfer,Yes,0
CUST-BAS-0309,60,20,52.66,1140.52,2,Two year,DSL,Credit card,Yes,0
CUST-BAS-0310,76,72,72.36,5178.41,0,Two year,DSL,Mailed check,Yes,0
CUST-BAS-0311,42,69,108.53,7568.56,0,Month-to-month,Fiber optic,Electronic check,Yes,0
CUST-BAS-0312,27,27,50.41,1351.49,0,Month-to-month,DSL,Bank transfer,No,0
CUST-BAS-0313,37,9,65.81,643.03,0,Month-to-month,Fiber optic,Credit card,Yes,0
CUST-BAS-0314,45,4,47.52,127.0,0,Two year,Fiber optic,Electronic check,No,0
CUST-BAS-0315,45,48,66.81,3323.66,0,Month-to-month,DSL,Bank transfer,Yes,0
CUST-BAS-0316,69,16,75.54,1162.87,0,One year,Fiber optic,Electronic check,No,0
CUST-BAS-0317,45,48,32.9,1590.64,0,Month-to-month,Fiber optic,Credit card,Yes,0
CUST-BAS-0318,41,6,86.07,409.05,0,One year,No,Bank transfer,Yes,0
CUST-BAS-0319,25,4,68.18,249.94,0,Month-to-month,DSL,Electronic check,No,0
CUST-BAS-0320,49,63,68.82,4236.34,0,Month-to-month,Fiber optic,Credit card,No,0
CUST-BAS-0321,31,9,47.35,373.18,0,Month-to-month,DSL,Bank transfer,Yes,0
CUST-BAS-0322,29,1,68.51,186.04,0,Two year,DSL,Credit card,Yes,0
CUST-BAS-0323,43,32,89.18,2787.72,2,Month-to-month,Fiber optic,Credit card,No,0
CUST-BAS-0324,56,26,66.42,1756.58,0,Two year,DSL,Bank transfer,Yes,0
CUST-BAS-0325,52,5,59.51,253.76,1,Two year,DSL,Bank transfer,Yes,0
CUST-BAS-0326,24,30,82.95,2487.7,0,Month-to-month,Fiber optic,Bank transfer,Yes,0
CUST-BAS-0327,42,21,56.37,1213.1,1,Two year,DSL,Credit card,No,0
CUST-BAS-0328,37,3,78.66,272.19,2,One year,Fiber optic,Bank transfer,Yes,1
CUST-BAS-0329,30,10,92.45,981.96,2,Month-to-month,Fiber optic,Electronic check,No,1
CUST-BAS-0330,30,72,103.06,7479.34,0,Two year,Fiber optic,Electronic check,Yes,0
CUST-BAS-0331,49,15,78.14,1080.59,1,Two year,DSL,Electronic check,No,0
CUST-BAS-0332,44,5,67.84,334.47,0,One year,Fiber optic,Bank transfer,Yes,0
CUST-BAS-0333,58,28,82.06,2354.78,0,Two year,Fiber optic,Electronic check,Yes,0
CUST-BAS-0334,44,50,78.87,4034.46,1,Month-to-month,DSL,Credit card,Yes,0
CUST-BAS-0335,36,49,63.25,3158.78,0,Month-to-month,DSL,Credit card,Yes,0
CUST-BAS-0336,43,65,61.63,4038.44,3,Two year,Fiber optic,Electronic check,No,0
CUST-BAS-0337,41,5,45.09,426.07,0,One year,Fiber optic,Bank transfer,Yes,0
CUST-BAS-0338,56,30,66.95,1997.83,1,Month-to-month,Fiber optic,Credit card,Yes,0
CUST-BAS-0339,37,10,45.1,532.84,1,One year,Fiber optic,Credit card,Yes,0
CUST-BAS-0340,56,4,75.44,321.99,0,Month-to-month,Fiber optic,Credit card,Yes,0
CUST-BAS-0341,42,19,73.9,1453.43,0,Two year,Fiber optic,Electronic check,No,0
CUST-BAS-0342,26,5,87.19,477.69,1,Month-to-month,Fiber optic,Electronic check,No,1
CUST-BAS-0343,37,5,70.84,355.23,0,Month-to-month,DSL,Electronic check,No,1
CUST-BAS-0344,39,53,63.3,3320.9,0,Month-to-month,DSL,Bank transfer,Yes,0
CUST-BAS-0345,48,72,85.62,6240.7,0,Month-to-month,No,Bank transfer,No,0
CUST-BAS-0346,56,2,78.92,144.29,0,One year,DSL,Bank transfer,Yes,0
CUST-BAS-0347,41,32,72.38,2364.69,2,Two year,Fiber optic,Mailed check,Yes,0
CUST-BAS-0348,46,11,61.37,581.18,1,One year,DSL,Mailed check,No,0
CUST-BAS-0349,23,3,64.96,64.96,1,Month-to-month,Fiber optic,Bank transfer,Yes,0
CUST-BAS-0350,29,2,62.47,95.17,2,Two year,No,Electronic check,Yes,0
CUST-BAS-0351,47,7,67.92,519.36,1,Month-to-month,Fiber optic,Credit card,No,0
CUST-BAS-0352,32,4,42.8,172.76,0,Month-to-month,DSL,Electronic check,Yes,0
CUST-BAS-0353,35,20,58.56,1091.28,0,One year,No,Credit card,Yes,0
CUST-BAS-0354,48,27,43.04,1178.06,1,Month-to-month,DSL,Electronic check,Yes,0
CUST-BAS-0355,54,21,65.69,1449.37,1,Month-to-month,Fiber optic,Electronic check,No,0
CUST-BAS-0356,54,6,85.28,484.11,0,Two year,DSL,Electronic check,Yes,0
CUST-BAS-0357,52,41,48.54,2135.22,0,One year,No,Electronic check,Yes,0
CUST-BAS-0358,52,51,47.67,2439.46,3,Month-to-month,DSL,Bank transfer,Yes,0
CUST-BAS-0359,21,20,46.99,1009.96,0,Two year,No,Bank transfer,Yes,0
CUST-BAS-0360,40,4,45.16,233.21,1,Month-to-month,DSL,Bank transfer,No,0
CUST-BAS-0361,37,27,60.08,1522.12,0,Month-to-month,DSL,Mailed check,No,0
CUST-BAS-0362,43,11,81.55,937.22,0,One year,DSL,Credit card,No,0
CUST-BAS-0363,37,46,103.01,4766.82,0,Month-to-month,Fiber optic,Bank transfer,Yes,0
CUST-BAS-0364,52,8,83.68,585.17,0,One year,Fiber optic,Bank transfer,Yes,0
CUST-BAS-0365,41,38,33.07,1314.28,1,Month-to-month,DSL,Bank transfer,Yes,0
CUST-BAS-0366,37,72,84.41,6069.0,1,Month-to-month,Fiber optic,Credit card,No,0
CUST-BAS-0367,57,34,34.26,1153.71,1,One year,DSL,Credit card,No,0
CUST-BAS-0368,51,32,73.29,2382.34,0,Month-to-month,Fiber optic,Credit card,Yes,0
CUST-BAS-0369,43,35,85.12,2939.51,0,Month-to-month,Fiber optic,Electronic check,No,0
CUST-BAS-0370,30,24,49.21,1269.59,0,Month-to-month,Fiber optic,Electronic check,Yes,0
CUST-BAS-0371,37,7,67.18,591.33,0,Month-to-month,Fiber optic,Electronic check,No,0
CUST-BAS-0372,42,72,95.72,6897.18,0,Two year,DSL,Credit card,No,0
CUST-BAS-0373,31,72,105.14,7593.08,0,One year,Fiber optic,Mailed check,No,0
CUST-BAS-0374,30,1,78.45,78.45,0,Two year,Fiber optic,Mailed check,Yes,1
CUST-BAS-0375,61,42,79.72,3363.03,2,Month-to-month,Fiber optic,Credit card,No,0
CUST-BAS-0376,24,72,68.8,4916.05,0,Month-to-month,Fiber optic,Electronic check,No,0
CUST-BAS-0377,35,8,63.13,448.16,0,One year,DSL,Electronic check,No,0
CUST-BAS-0378,29,39,44.98,1702.48,0,Two year,Fiber optic,Bank transfer,Yes,0
CUST-BAS-0379,44,14,49.77,538.53,1,One year,DSL,Electronic check,Yes,0
CUST-BAS-0380,34,4,51.4,76.33,2,One year,Fiber optic,Mailed check,Yes,0
CUST-BAS-0381,44,25,70.26,1676.59,1,Two year,Fiber optic,Bank transfer,No,0
CUST-BAS-0382,53,20,75.75,1553.91,2,Month-to-month,Fiber optic,Bank transfer,No,0
CUST-BAS-0383,78,17,45.14,750.82,1,Month-to-month,Fiber optic,Electronic check,No,0
CUST-BAS-0384,49,30,89.24,2730.33,2,Month-to-month,DSL,Credit card,Yes,0
CUST-BAS-0385,32,11,62.14,702.27,0,Month-to-month,Fiber optic,Electronic check,No,0
CUST-BAS-0386,37,37,83.45,3037.35,0,Month-to-month,DSL,Electronic check,Yes,0
CUST-BAS-0387,48,22,61.33,1433.46,0,Two year,Fiber optic,Electronic check,Yes,0
CUST-BAS-0388,46,15,35.93,463.13,1,One year,No,Credit card,No,0
CUST-BAS-0389,47,37,99.52,3750.28,0,One year,DSL,Credit card,Yes,0
CUST-BAS-0390,24,27,79.91,2225.0,0,Month-to-month,No,Bank transfer,No,0
CUST-BAS-0391,31,7,70.76,448.21,0,Month-to-month,Fiber optic,Electronic check,Yes,0
CUST-BAS-0392,54,17,117.4,2048.3,0,One year,DSL,Bank transfer,No,0
CUST-BAS-0393,35,30,65.94,1917.88,0,One year,No,Credit card,Yes,0
CUST-BAS-0394,42,57,48.42,2766.09,1,One year,Fiber optic,Electronic check,Yes,0
CUST-BAS-0395,45,13,80.24,998.8,1,Month-to-month,Fiber optic,Bank transfer,No,0
CUST-BAS-0396,44,5,70.92,342.61,0,One year,Fiber optic,Credit card,Yes,0
CUST-BAS-0397,52,6,73.79,437.0,4,One year,DSL,Electronic check,No,0
CUST-BAS-0398,48,17,105.14,1781.45,0,Two year,DSL,Bank transfer,No,0
CUST-BAS-0399,38,36,57.1,2093.59,0,One year,DSL,Electronic check,Yes,0
CUST-BAS-0400,68,20,60.03,1218.47,0,One year,DSL,Electronic check,No,0
CUST-BAS-0401,54,4,82.9,318.31,1,Two year,No,Bank transfer,No,0
CUST-BAS-0402,46,21,73.17,1652.64,2,Month-to-month,DSL,Bank transfer,No,0
CUST-BAS-0403,49,18,74.56,1312.95,0,Two year,Fiber optic,Bank transfer,Yes,0
CUST-BAS-0404,21,24,70.6,1699.67,1,One year,Fiber optic,Credit card,Yes,0
CUST-BAS-0405,42,15,104.36,1503.27,0,Month-to-month,DSL,Bank transfer,Yes,0
CUST-BAS-0406,44,23,68.63,1634.1,0,One year,DSL,Bank transfer,No,0
CUST-BAS-0407,24,5,78.19,480.31,0,Month-to-month,Fiber optic,Credit card,No,0
CUST-BAS-0408,71,1,77.48,97.21,3,Month-to-month,Fiber optic,Electronic check,Yes,1
CUST-BAS-0409,18,27,103.51,2754.31,0,One year,DSL,Mailed check,No,0
CUST-BAS-0410,46,30,73.91,2166.98,0,One year,DSL,Electronic check,Yes,1
CUST-BAS-0411,43,5,69.43,345.14,7,Two year,Fiber optic,Credit card,Yes,0
CUST-BAS-0412,38,3,61.72,304.62,3,Month-to-month,No,Electronic check,Yes,1
CUST-BAS-0413,58,8,58.94,599.48,0,Month-to-month,Fiber optic,Electronic check,No,0
CUST-BAS-0414,36,47,44.3,2036.73,4,One year,DSL,Bank transfer,No,0
CUST-BAS-0415,26,1,74.85,74.85,0,Month-to-month,DSL,Mailed check,No,1
CUST-BAS-0416,73,20,102.95,2066.5,0,Month-to-month,DSL,Bank transfer,Yes,0
CUST-BAS-0417,31,63,71.47,4490.54,0,Two year,DSL,Mailed check,Yes,0
CUST-BAS-0418,18,6,72.99,485.06,1,Month-to-month,Fiber optic,Mailed check,No,0
CUST-BAS-0419,26,22,48.93,1127.73,0,One year,DSL,Credit card,No,0
CUST-BAS-0420,32,72,81.61,5849.37,0,One year,Fiber optic,Bank transfer,Yes,0
CUST-BAS-0421,30,32,68.72,2219.97,0,Two year,DSL,Credit card,No,1
CUST-BAS-0422,60,11,58.4,609.6,1,Month-to-month,DSL,Credit card,Yes,0
CUST-BAS-0423,48,13,96.1,1291.04,2,Month-to-month,Fiber optic,Electronic check,Yes,1
CUST-BAS-0424,49,8,52.95,449.9,0,Two year,Fiber optic,Bank transfer,Yes,0
CUST-BAS-0425,68,20,68.02,1352.05,1,Two year,Fiber optic,Credit card,Yes,0
CUST-BAS-0426,39,47,43.9,2076.76,0,Month-to-month,Fiber optic,Credit card,No,0
CUST-BAS-0427,50,57,70.14,3938.34,4,Month-to-month,DSL,Credit card,Yes,0
CUST-BAS-0428,58,19,65.8,1114.22,0,Month-to-month,DSL,Electronic check,Yes,0
CUST-BAS-0429,33,24,90.69,2166.32,2,Month-to-month,Fiber optic,Electronic check,Yes,1
CUST-BAS-0430,62,9,35.25,361.21,0,One year,No,Credit card,Yes,1
CUST-BAS-0431,40,72,42.75,3063.66,1,Month-to-month,Fiber optic,Electronic check,Yes,0
CUST-BAS-0432,42,14,69.71,948.96,0,Month-to-month,DSL,Bank transfer,Yes,0
CUST-BAS-0433,39,4,93.68,454.79,2,Month-to-month,DSL,Bank transfer,Yes,1
CUST-BAS-0434,40,9,24.26,276.68,1,Month-to-month,DSL,Credit card,Yes,0
CUST-BAS-0435,25,10,65.22,651.91,0,One year,DSL,Credit card,Yes,0
CUST-BAS-0436,43,47,78.54,3642.65,0,Month-to-month,No,Mailed check,Yes,1
CUST-BAS-0437,33,7,75.34,522.16,0,Month-to-month,Fiber optic,Credit card,Yes,1
CUST-BAS-0438,30,13,67.46,944.84,0,One year,No,Bank transfer,No,0
CUST-BAS-0439,42,15,36.29,514.29,2,Month-to-month,Fiber optic,Credit card,Yes,0
CUST-BAS-0440,37,1,90.2,114.88,0,Month-to-month,Fiber optic,Bank transfer,No,1
CUST-BAS-0441,52,12,86.04,1121.19,0,Two year,No,Credit card,No,0
CUST-BAS-0442,18,2,70.11,115.53,0,Month-to-month,No,Bank transfer,No,1
CUST-BAS-0443,44,41,55.47,2347.36,0,One year,Fiber optic,Credit card,No,0
CUST-BAS-0444,41,32,62.95,2067.5,1,Month-to-month,No,Credit card,Yes,0
CUST-BAS-0445,52,56,104.69,5946.42,0,Month-to-month,DSL,Electronic check,Yes,0
CUST-BAS-0446,59,1,99.4,129.05,0,One year,Fiber optic,Electronic check,Yes,1
CUST-BAS-0447,21,72,40.78,2956.13,1,Month-to-month,DSL,Bank transfer,No,0
CUST-BAS-0448,78,44,70.37,2978.76,0,Month-to-month,DSL,Credit card,Yes,0
CUST-BAS-0449,29,10,70.78,778.31,1,Month-to-month,Fiber optic,Credit card,No,1
CUST-BAS-0450,18,23,78.48,1820.86,0,Month-to-month,Fiber optic,Electronic check,Yes,0
CUST-BAS-0451,44,54,72.22,3824.49,1,Month-to-month,DSL,Bank transfer,Yes,0
CUST-BAS-0452,41,22,56.95,1215.49,1,Month-to-month,DSL,Electronic check,No,1
CUST-BAS-0453,49,19,60.37,1144.71,0,One year,No,Bank transfer,Yes,0
CUST-BAS-0454,55,26,106.48,2833.09,0,One year,No,Electronic check,No,1
CUST-BAS-0455,18,15,53.86,755.95,0,One year,No,Electronic check,Yes,1
CUST-BAS-0456,72,72,92.71,6734.99,0,Month-to-month,DSL,Electronic check,Yes,0
CUST-BAS-0457,43,3,50.36,178.98,1,Month-to-month,DSL,Bank transfer,No,1
CUST-BAS-0458,55,12,104.29,1447.28,0,Month-to-month,Fiber optic,Mailed check,Yes,1
CUST-BAS-0459,44,36,49.97,1867.68,1,One year,Fiber optic,Bank transfer,No,0
CUST-BAS-0460,40,14,61.38,675.88,1,One year,No,Electronic check,Yes,0
CUST-BAS-0461,45,48,66.03,3228.68,1,Month-to-month,DSL,Credit card,No,0
CUST-BAS-0462,46,4,53.04,275.82,0,Two year,Fiber optic,Credit card,No,0
CUST-BAS-0463,39,5,37.5,177.24,2,One year,DSL,Mailed check,Yes,0
CUST-BAS-0464,26,2,98.01,234.43,0,Two year,Fiber optic,Bank transfer,No,1
CUST-BAS-0465,33,1,48.98,48.98,1,Month-to-month,Fiber optic,Electronic check,Yes,1
CUST-BAS-0466,43,1,66.92,66.92,0,One year,DSL,Electronic check,Yes,0
CUST-BAS-0467,47,24,74.52,1843.56,0,Month-to-month,Fiber optic,Credit card,No,1
CUST-BAS-0468,55,19,62.15,1145.75,1,One year,Fiber optic,Electronic check,No,0
CUST-BAS-0469,48,31,65.42,2117.71,0,Month-to-month,Fiber optic,Credit card,Yes,0
CUST-BAS-0470,42,72,59.55,4300.56,0,Two year,Fiber optic,Credit card,No,0
CUST-BAS-0471,46,72,72.91,5236.26,3,Two year,No,Electronic check,No,0
CUST-BAS-0472,44,7,57.19,389.95,0,Month-to-month,DSL,Bank transfer,Yes,0
CUST-BAS-0473,60,30,71.74,2147.46,0,Month-to-month,Fiber optic,Bank transfer,Yes,1
CUST-BAS-0474,42,14,64.3,1026.14,1,Two year,Fiber optic,Bank transfer,No,0
CUST-BAS-0475,18,3,102.61,319.95,0,Two year,DSL,Electronic check,Yes,0
CUST-BAS-0476,42,8,53.06,413.72,0,Month-to-month,Fiber optic,Credit card,Yes,0
CUST-BAS-0477,58,47,66.11,3100.14,1,Two year,No,Bank transfer,Yes,0
CUST-BAS-0478,50,64,64.74,4120.12,0,Two year,DSL,Credit card,Yes,0
CUST-BAS-0479,63,67,108.14,7281.7,0,One year,Fiber optic,Electronic check,Yes,0
CUST-BAS-0480,35,34,59.4,2014.38,7,Two year,Fiber optic,Mailed check,No,0
CUST-BAS-0481,18,4,53.54,154.49,0,Two year,DSL,Bank transfer,No,0
CUST-BAS-0482,50,72,101.95,7247.05,0,Two year,Fiber optic,Electronic check,No,0
CUST-BAS-0483,41,7,92.16,563.97,0,One year,Fiber optic,Bank transfer,Yes,0
CUST-BAS-0484,30,13,81.53,999.34,0,Month-to-month,Fiber optic,Bank transfer,Yes,1
CUST-BAS-0485,25,72,84.4,6044.2,1,Month-to-month,No,Mailed check,No,0
CUST-BAS-0486,56,8,64.65,527.89,1,Month-to-month,Fiber optic,Credit card,No,0
CUST-BAS-0487,18,43,63.2,2633.63,0,One year,No,Electronic check,No,0
CUST-BAS-0488,56,23,43.73,996.51,0,Month-to-month,Fiber optic,Electronic check,No,0
CUST-BAS-0489,27,2,80.61,188.73,0,Month-to-month,No,Credit card,No,1
CUST-BAS-0490,18,33,81.27,2732.37,0,Month-to-month,DSL,Bank transfer,Yes,0
CUST-BAS-0491,43,67,96.61,6409.59,2,One year,Fiber optic,Electronic check,Yes,0
CUST-BAS-0492,41,44,25.09,1092.32,0,Month-to-month,DSL,Mailed check,Yes,0
CUST-BAS-0493,58,6,98.36,615.69,1,Month-to-month,Fiber optic,Bank transfer,Yes,0
CUST-BAS-0494,48,6,59.13,320.21,0,Two year,DSL,Electronic check,No,0
CUST-BAS-0495,30,15,58.16,881.78,0,One year,Fiber optic,Credit card,Yes,0
CUST-BAS-0496,39,4,66.19,250.16,2,One year,No,Electronic check,No,1
CUST-BAS-0497,36,31,74.62,2180.86,1,One year,DSL,Bank transfer,Yes,0
CUST-BAS-0498,29,3,63.74,250.58,0,Month-to-month,Fiber optic,Credit card,Yes,1
CUST-BAS-0499,39,21,55.45,1238.94,0,One year,DSL,Electronic check,No,0
CUST-BAS-0500,42,33,117.23,3791.77,0,One year,Fiber optic,Credit card,No,0
CUST-BAS-0501,54,21,85.85,1817.17,1,One year,Fiber optic,Credit card,No,0
CUST-BAS-0502,43,27,94.78,2644.23,2,Two year,Fiber optic,Electronic check,Yes,0
CUST-BAS-0503,52,9,69.86,572.07,2,Month-to-month,DSL,Electronic check,Yes,0
CUST-BAS-0504,61,27,80.0,2167.35,0,Month-to-month,DSL,Mailed check,No,0
CUST-BAS-0505,25,62,71.93,4427.8,1,Month-to-month,DSL,Credit card,No,0
CUST-BAS-0506,63,11,57.01,617.18,1,Two year,No,Credit card,No,0
CUST-BAS-0507,78,28,79.05,2197.73,2,One year,Fiber optic,Credit card,No,0
CUST-BAS-0508,32,1,50.91,90.17,0,One year,No,Electronic check,Yes,1
CUST-BAS-0509,48,68,38.53,2611.32,0,Month-to-month,DSL,Credit card,Yes,0
CUST-BAS-0510,27,42,91.67,3953.37,2,Two year,DSL,Electronic check,No,0
CUST-BAS-0511,39,1,47.69,47.69,3,One year,DSL,Electronic check,Yes,1
CUST-BAS-0512,41,10,55.24,526.07,2,Month-to-month,Fiber optic,Electronic check,Yes,0
CUST-BAS-0513,48,9,75.9,747.01,0,One year,DSL,Electronic check,Yes,0
CUST-BAS-0514,59,9,69.22,647.96,1,Month-to-month,DSL,Electronic check,Yes,0
CUST-BAS-0515,46,16,72.7,1117.37,0,One year,DSL,Bank transfer,No,0
CUST-BAS-0516,65,35,58.4,1973.45,4,One year,DSL,Electronic check,No,0
CUST-BAS-0517,29,32,72.93,2389.13,1,One year,Fiber optic,Electronic check,No,0
CUST-BAS-0518,36,34,52.87,1698.85,2,One year,Fiber optic,Credit card,Yes,0
CUST-BAS-0519,54,26,96.04,2518.16,0,Month-to-month,No,Bank transfer,Yes,0
CUST-BAS-0520,28,14,47.55,712.54,1,Two year,Fiber optic,Credit card,No,0
CUST-BAS-0521,46,43,50.2,2071.85,1,Month-to-month,DSL,Electronic check,No,0
CUST-BAS-0522,44,17,37.54,597.21,0,Two year,Fiber optic,Electronic check,No,0
CUST-BAS-0523,32,30,83.49,2527.03,0,Two year,No,Mailed check,Yes,1
CUST-BAS-0524,49,21,50.78,1120.81,0,One year,Fiber optic,Credit card,No,0
CUST-BAS-0525,56,72,62.3,4468.5,0,Month-to-month,Fiber optic,Mailed check,Yes,0
CUST-BAS-0526,55,22,95.51,2134.42,2,Month-to-month,No,Bank transfer,Yes,0
CUST-BAS-0527,34,14,78.71,1212.63,0,One year,DSL,Credit card,Yes,0
CUST-BAS-0528,32,5,95.8,477.45,0,Month-to-month,Fiber optic,Bank transfer,Yes,1
CUST-BAS-0529,48,29,68.53,1905.14,0,One year,DSL,Credit card,Yes,0
CUST-BAS-0530,42,17,61.91,1085.35,1,One year,No,Electronic check,Yes,0
CUST-BAS-0531,31,72,64.08,4591.91,1,One year,Fiber optic,Credit card,No,0
CUST-BAS-0532,18,72,72.63,5157.86,0,Two year,Fiber optic,Credit card,No,0
CUST-BAS-0533,59,45,81.02,3542.12,0,Month-to-month,Fiber optic,Bank transfer,Yes,0
CUST-BAS-0534,47,15,100.22,1474.79,0,Month-to-month,No,Bank transfer,No,0
CUST-BAS-0535,57,5,76.67,256.49,0,Two year,DSL,Credit card,Yes,1
CUST-BAS-0536,42,9,78.84,748.62,2,Month-to-month,Fiber optic,Electronic check,Yes,1
CUST-BAS-0537,21,8,79.75,730.82,1,One year,DSL,Bank transfer,Yes,1
CUST-BAS-0538,67,5,20,105.26,1,Month-to-month,DSL,Credit card,Yes,0
CUST-BAS-0539,33,39,90.34,3461.05,0,Month-to-month,Fiber optic,Electronic check,No,0
CUST-BAS-0540,40,34,59.05,2013.49,2,Month-to-month,No,Credit card,No,0
CUST-BAS-0541,41,70,64.25,4494.33,1,Two year,DSL,Mailed check,No,0
CUST-BAS-0542,49,30,44.97,1419.84,1,One year,DSL,Electronic check,Yes,0
CUST-BAS-0543,50,31,89.51,2765.97,2,Month-to-month,Fiber optic,Electronic check,Yes,1
CUST-BAS-0544,51,1,104.61,188.44,1,Two year,No,Credit card,No,1
CUST-BAS-0545,47,30,61.55,1697.29,2,One year,No,Mailed check,No,0
CUST-BAS-0546,49,29,81.8,2347.79,0,Two year,DSL,Electronic check,Yes,0
CUST-BAS-0547,45,11,51.57,535.92,0,Two year,Fiber optic,Credit card,Yes,0
CUST-BAS-0548,38,19,88.05,1760.35,0,One year,No,Bank transfer,Yes,1
CUST-BAS-0549,34,17,63.07,1028.69,2,Month-to-month,DSL,Mailed check,No,0
CUST-BAS-0550,18,24,26.51,621.36,0,Month-to-month,No,Bank transfer,No,0
CUST-BAS-0551,75,48,69.93,3245.97,0,One year,No,Credit card,No,0
CUST-BAS-0552,19,3,24.24,36.99,0,One year,DSL,Credit card,Yes,1
CUST-BAS-0553,37,33,76.8,2561.55,2,One year,Fiber optic,Electronic check,Yes,0
CUST-BAS-0554,50,36,51.59,1815.7,0,One year,Fiber optic,Credit card,No,0
CUST-BAS-0555,47,2,68.87,79.94,2,Month-to-month,Fiber optic,Bank transfer,No,0
CUST-BAS-0556,19,5,33.03,94.44,0,Month-to-month,DSL,Credit card,No,1
CUST-BAS-0557,41,5,59.92,312.34,0,Month-to-month,DSL,Credit card,Yes,0
CUST-BAS-0558,37,19,72.86,1340.63,2,Month-to-month,No,Mailed check,No,0
CUST-BAS-0559,60,4,65.44,304.27,2,Two year,DSL,Credit card,Yes,1
CUST-BAS-0560,53,33,50.74,1651.42,3,Month-to-month,Fiber optic,Bank transfer,Yes,0
CUST-BAS-0561,58,1,71.04,85.14,0,Month-to-month,DSL,Bank transfer,Yes,0
CUST-BAS-0562,23,6,55.02,269.23,0,Two year,DSL,Electronic check,Yes,0
CUST-BAS-0563,60,43,61.23,2561.77,0,Month-to-month,Fiber optic,Electronic check,Yes,1
CUST-BAS-0564,60,22,74.92,1757.66,1,Month-to-month,Fiber optic,Bank transfer,No,0
CUST-BAS-0565,35,31,70.79,2195.51,0,One year,Fiber optic,Credit card,Yes,0
CUST-BAS-0566,39,38,78.97,2982.47,2,One year,Fiber optic,Mailed check,No,0
CUST-BAS-0567,39,32,79.64,2515.92,0,Two year,Fiber optic,Electronic check,No,0
CUST-BAS-0568,49,18,31.32,577.13,0,Two year,DSL,Credit card,Yes,0
CUST-BAS-0569,19,6,32.83,225.32,0,One year,Fiber optic,Electronic check,No,0
CUST-BAS-0570,53,61,43.72,2597.36,1,One year,Fiber optic,Mailed check,No,0
CUST-BAS-0571,52,72,52.67,3752.3,1,Two year,Fiber optic,Bank transfer,No,0
CUST-BAS-0572,58,62,60.43,3726.53,1,Month-to-month,No,Electronic check,Yes,0
CUST-BAS-0573,59,18,73.65,1307.54,2,Two year,DSL,Electronic check,Yes,1
CUST-BAS-0574,18,4,61.62,336.51,0,One year,Fiber optic,Bank transfer,No,0
CUST-BAS-0575,57,41,72.03,2969.14,2,Month-to-month,DSL,Credit card,Yes,0
CUST-BAS-0576,39,63,66.69,4216.01,0,Month-to-month,No,Credit card,No,0
CUST-BAS-0577,66,37,87.08,3176.53,0,Two year,DSL,Bank transfer,Yes,0
CUST-BAS-0578,35,5,62.75,305.01,1,Month-to-month,No,Electronic check,Yes,0
CUST-BAS-0579,59,72,60.15,4326.81,0,One year,Fiber optic,Credit card,Yes,0
CUST-BAS-0580,48,12,47.07,571.71,0,One year,DSL,Credit card,Yes,0
CUST-BAS-0581,53,46,27.71,1235.78,3,Month-to-month,No,Credit card,Yes,0
CUST-BAS-0582,75,3,64.49,292.6,0,Two year,DSL,Credit card,Yes,0
CUST-BAS-0583,36,12,66.53,886.81,0,One year,Fiber optic,Electronic check,No,0
CUST-BAS-0584,37,15,54.72,899.0,0,One year,DSL,Bank transfer,Yes,0
CUST-BAS-0585,59,5,92.42,424.38,0,One year,No,Bank transfer,Yes,0
CUST-BAS-0586,45,72,65.49,4663.54,4,Two year,DSL,Bank transfer,Yes,0
CUST-BAS-0587,54,4,73.02,235.57,0,Month-to-month,DSL,Electronic check,Yes,1
CUST-BAS-0588,55,5,56.11,419.19,0,One year,Fiber optic,Credit card,Yes,1
CUST-BAS-0589,40,11,20.08,271.43,1,One year,Fiber optic,Mailed check,No,0
CUST-BAS-0590,56,66,43.28,2891.83,1,Two year,Fiber optic,Credit card,Yes,0
CUST-BAS-0591,51,3,52.54,237.63,0,One year,DSL,Electronic check,No,0
CUST-BAS-0592,45,17,65.36,1086.63,0,Month-to-month,Fiber optic,Credit card,No,0
CUST-BAS-0593,38,54,76.8,4236.58,0,Month-to-month,Fiber optic,Credit card,No,0
CUST-BAS-0594,54,16,101.45,1617.75,0,Two year,No,Credit card,No,0
CUST-BAS-0595,38,7,65.02,511.81,0,Two year,No,Electronic check,No,0
CUST-BAS-0596,50,69,49.3,3444.07,1,One year,Fiber optic,Electronic check,Yes,0
CUST-BAS-0597,66,50,77.83,4010.06,0,One year,DSL,Electronic check,Yes,0
CUST-BAS-0598,36,18,47.39,740.01,0,One year,DSL,Electronic check,Yes,0
CUST-BAS-0599,48,38,68.76,2669.82,1,One year,No,Credit card,Yes,0
CUST-BAS-0600,54,24,75.05,1769.18,0,Month-to-month,No,Electronic check,Yes,0
CUST-BAS-0601,18,12,88.23,1148.81,0,One year,No,Credit card,No,0
CUST-BAS-0602,55,22,92.45,1946.46,1,Month-to-month,DSL,Bank transfer,Yes,0
CUST-BAS-0603,44,20,66.4,1335.58,0,One year,Fiber optic,Mailed check,Yes,0
CUST-BAS-0604,51,64,43.3,2691.0,0,One year,DSL,Bank transfer,Yes,0
CUST-BAS-0605,64,72,84.37,6079.71,0,Month-to-month,Fiber optic,Bank transfer,No,0
CUST-BAS-0606,31,35,101.51,3574.3,0,Two year,Fiber optic,Electronic check,Yes,0
CUST-BAS-0607,61,43,82.07,3506.37,0,Two year,DSL,Electronic check,Yes,0
CUST-BAS-0608,43,4,68.87,299.54,1,One year,DSL,Mailed check,Yes,0
CUST-BAS-0609,48,3,84.37,246.61,2,Two year,No,Credit card,Yes,0
CUST-BAS-0610,33,24,88.21,2166.85,0,Month-to-month,Fiber optic,Electronic check,No,0
CUST-BAS-0611,49,7,67.64,499.1,0,One year,Fiber optic,Credit card,Yes,0
CUST-BAS-0612,54,13,71.88,979.98,0,Two year,Fiber optic,Electronic check,Yes,0
CUST-BAS-0613,38,1,46.95,46.95,0,Month-to-month,Fiber optic,Credit card,Yes,0
CUST-BAS-0614,49,10,76.16,728.44,0,Two year,DSL,Bank transfer,Yes,0
CUST-BAS-0615,37,16,69.45,1271.22,1,Month-to-month,Fiber optic,Credit card,Yes,1
CUST-BAS-0616,27,2,85.17,161.17,1,Two year,Fiber optic,Bank transfer,No,0
CUST-BAS-0617,39,9,45.85,360.34,2,One year,Fiber optic,Credit card,Yes,0
CUST-BAS-0618,44,41,79.64,3296.25,0,One year,Fiber optic,Electronic check,Yes,1
CUST-BAS-0619,28,14,25.68,372.23,1,Month-to-month,DSL,Electronic check,Yes,0
CUST-BAS-0620,20,6,58.04,284.0,0,Month-to-month,No,Credit card,No,1
CUST-BAS-0621,18,14,85.92,1169.6,0,Month-to-month,DSL,Electronic check,Yes,0
CUST-BAS-0622,62,19,87.95,1748.16,0,Month-to-month,DSL,Bank transfer,No,0
CUST-BAS-0623,18,20,74.33,1479.94,0,One year,No,Credit card,Yes,0
CUST-BAS-0624,46,1,77.66,77.66,1,Month-to-month,No,Credit card,Yes,0
CUST-BAS-0625,35,30,82.08,2455.62,0,One year,DSL,Mailed check,Yes,0
CUST-BAS-0626,45,11,34.16,407.29,1,Two year,Fiber optic,Bank transfer,Yes,0
CUST-BAS-0627,34,24,81.44,1906.67,2,Month-to-month,DSL,Electronic check,Yes,0
CUST-BAS-0628,58,13,49.58,674.36,2,Two year,No,Credit card,Yes,1
CUST-BAS-0629,56,7,68.57,503.32,1,Month-to-month,No,Electronic check,Yes,1
CUST-BAS-0630,29,7,76.39,444.2,0,Two year,DSL,Credit card,Yes,0
CUST-BAS-0631,33,40,55.02,2304.81,0,Month-to-month,DSL,Bank transfer,Yes,0
CUST-BAS-0632,38,18,89.5,1580.16,1,One year,DSL,Credit card,Yes,0
CUST-BAS-0633,38,5,76.67,402.63,1,Month-to-month,DSL,Electronic check,No,1
CUST-BAS-0634,56,49,60.58,2928.68,1,Month-to-month,Fiber optic,Electronic check,Yes,0
CUST-BAS-0635,27,16,74.15,1164.45,1,Month-to-month,Fiber optic,Electronic check,Yes,0
CUST-BAS-0636,36,54,89.23,4801.51,0,Two year,Fiber optic,Credit card,No,0
CUST-BAS-0637,33,30,78.44,2425.26,0,Two year,DSL,Electronic check,Yes,0
CUST-BAS-0638,37,49,108.62,5275.57,0,Two year,Fiber optic,Electronic check,No,0
CUST-BAS-0639,32,39,59.96,2336.09,0,Month-to-month,Fiber optic,Electronic check,No,0
CUST-BAS-0640,60,19,38.04,834.99,0,Month-to-month,DSL,Mailed check,No,0
CUST-BAS-0641,30,48,90.65,4309.46,0,Two year,DSL,Bank transfer,No,0
CUST-BAS-0642,22,8,54.36,416.69,4,Month-to-month,No,Electronic check,No,0
CUST-BAS-0643,21,14,94.46,1434.03,4,Month-to-month,Fiber optic,Bank transfer,Yes,1
CUST-BAS-0644,25,28,91.32,2480.77,0,Month-to-month,No,Bank transfer,No,0
CUST-BAS-0645,22,35,86.96,2948.18,2,Two year,No,Bank transfer,Yes,0
CUST-BAS-0646,29,37,64.94,2407.21,0,One year,DSL,Bank transfer,Yes,0
CUST-BAS-0647,35,2,57.73,70.17,0,One year,No,Bank transfer,No,0
CUST-BAS-0648,22,11,39.93,453.59,0,One year,No,Bank transfer,Yes,0
CUST-BAS-0649,54,72,102.49,7525.76,2,Month-to-month,No,Mailed check,No,0
CUST-BAS-0650,24,6,65.7,356.52,0,Month-to-month,Fiber optic,Electronic check,Yes,0
CUST-BAS-0651,58,16,88.27,1485.71,3,One year,DSL,Electronic check,No,1
CUST-BAS-0652,26,10,59.5,596.26,2,One year,No,Electronic check,No,0
CUST-BAS-0653,37,10,74.5,779.68,0,One year,No,Credit card,No,0
CUST-BAS-0654,43,11,59.39,560.52,1,One year,DSL,Electronic check,Yes,1
CUST-BAS-0655,38,67,80.43,5386.73,7,Two year,No,Credit card,No,0
CUST-BAS-0656,61,10,55.33,591.75,4,One year,DSL,Electronic check,Yes,0
CUST-BAS-0657,48,11,62.35,740.66,0,Month-to-month,Fiber optic,Electronic check,Yes,0
CUST-BAS-0658,24,72,61.43,4553.18,1,One year,Fiber optic,Electronic check,No,0
CUST-BAS-0659,65,5,67.96,388.99,2,One year,DSL,Electronic check,Yes,1
CUST-BAS-0660,45,34,20,762.6,3,Month-to-month,Fiber optic,Bank transfer,Yes,0
CUST-BAS-0661,58,4,39.21,223.63,0,Two year,Fiber optic,Electronic check,Yes,0
CUST-BAS-0662,32,25,90.65,2252.17,1,Month-to-month,Fiber optic,Bank transfer,No,0
CUST-BAS-0663,62,32,73.42,2395.77,0,One year,No,Bank transfer,Yes,0
CUST-BAS-0664,26,17,92.22,1543.49,0,Two year,DSL,Mailed check,Yes,0
CUST-BAS-0665,40,24,24.0,636.82,0,Month-to-month,DSL,Electronic check,Yes,0
CUST-BAS-0666,39,14,89.37,1402.59,2,Month-to-month,No,Electronic check,No,1
CUST-BAS-0667,43,4,42.78,108.96,0,Month-to-month,DSL,Electronic check,No,1
CUST-BAS-0668,22,20,31.61,641.02,0,One year,Fiber optic,Bank transfer,No,0
CUST-BAS-0669,30,1,76.63,76.63,0,One year,Fiber optic,Bank transfer,Yes,0
CUST-BAS-0670,31,10,32.75,381.86,0,Month-to-month,Fiber optic,Mailed check,No,0
CUST-BAS-0671,42,2,74.4,147.74,0,Month-to-month,Fiber optic,Electronic check,No,0
CUST-BAS-0672,53,2,60.15,119.61,1,Month-to-month,Fiber optic,Credit card,Yes,0
CUST-BAS-0673,38,17,91.88,1604.71,1,One year,Fiber optic,Mailed check,No,0
CUST-BAS-0674,63,26,74.91,1925.41,0,Month-to-month,Fiber optic,Electronic check,Yes,0
CUST-BAS-0675,66,26,34.66,857.55,0,One year,No,Credit card,No,0
CUST-BAS-0676,50,4,77.74,313.72,0,Two year,No,Electronic check,No,0
CUST-BAS-0677,26,44,78.91,3530.29,0,Month-to-month,DSL,Credit card,Yes,0
CUST-BAS-0678,60,72,33.89,2463.04,1,Month-to-month,DSL,Bank transfer,Yes,0
CUST-BAS-0679,29,72,48.21,3384.53,2,One year,DSL,Credit card,Yes,0
CUST-BAS-0680,45,26,54.63,1312.47,0,One year,DSL,Credit card,Yes,0
CUST-BAS-0681,54,18,57.34,1053.32,0,Two year,Fiber optic,Bank transfer,Yes,0
CUST-BAS-0682,54,7,76.46,674.99,0,One year,No,Bank transfer,Yes,0
CUST-BAS-0683,35,50,24.7,1213.1,1,One year,DSL,Bank transfer,No,0
CUST-BAS-0684,64,31,77.27,2426.81,1,Month-to-month,Fiber optic,Mailed check,Yes,0
CUST-BAS-0685,45,60,70.0,4118.31,0,Month-to-month,No,Mailed check,Yes,0
CUST-BAS-0686,51,4,71.25,334.53,0,Month-to-month,Fiber optic,Bank transfer,Yes,1
CUST-BAS-0687,37,31,48.85,1584.58,1,Two year,DSL,Credit card,No,0
CUST-BAS-0688,54,43,100.72,4291.66,0,Month-to-month,DSL,Bank transfer,No,0
CUST-BAS-0689,39,20,87.75,1692.48,1,Month-to-month,DSL,Electronic check,Yes,0
CUST-BAS-0690,48,41,69.96,2986.61,0,One year,Fiber optic,Credit card,No,0
CUST-BAS-0691,39,39,60.12,2414.05,0,Month-to-month,DSL,Credit card,Yes,0
CUST-BAS-0692,24,13,78.92,1032.74,0,Two year,No,Electronic check,Yes,0
CUST-BAS-0693,45,40,74.5,2937.97,1,One year,No,Electronic check,Yes,0
CUST-BAS-0694,30,10,46.79,524.64,1,Month-to-month,DSL,Mailed check,Yes,0
CUST-BAS-0695,18,34,61.96,2192.93,0,Month-to-month,DSL,Bank transfer,No,0
CUST-BAS-0696,28,15,73.96,1161.48,0,Month-to-month,DSL,Bank transfer,Yes,0
CUST-BAS-0697,42,22,76.77,1695.04,0,One year,Fiber optic,Electronic check,No,0
CUST-BAS-0698,65,36,77.68,2793.91,0,Month-to-month,DSL,Credit card,Yes,0
CUST-BAS-0699,51,37,79.69,2892.77,0,Two year,DSL,Mailed check,Yes,0
CUST-BAS-0700,31,25,60.32,1550.97,1,One year,DSL,Bank transfer,Yes,0
CUST-BAS-0701,35,48,90.0,4376.52,0,Month-to-month,DSL,Bank transfer,Yes,1
CUST-BAS-0702,33,17,54.01,976.33,1,One year,Fiber optic,Electronic check,Yes,0
CUST-BAS-0703,18,19,84.3,1565.15,4,Two year,Fiber optic,Electronic check,No,1
CUST-BAS-0704,18,4,73.74,366.55,1,Two year,Fiber optic,Mailed check,Yes,0
CUST-BAS-0705,55,1,85.14,139.54,0,Month-to-month,No,Electronic check,Yes,0
CUST-BAS-0706,57,1,98.72,98.72,0,Two year,DSL,Electronic check,Yes,0
CUST-BAS-0707,28,23,80.63,1782.26,2,Two year,DSL,Bank transfer,Yes,0
CUST-BAS-0708,43,17,34.72,631.26,0,Two year,DSL,Credit card,Yes,0
CUST-BAS-0709,18,62,57.45,3539.84,1,One year,No,Bank transfer,Yes,0
CUST-BAS-0710,27,4,58.04,216.68,1,One year,Fiber optic,Credit card,Yes,0
CUST-BAS-0711,48,72,63.5,4461.28,0,Month-to-month,DSL,Electronic check,No,0
CUST-BAS-0712,51,26,64.55,1689.71,2,Month-to-month,DSL,Credit card,No,0
CUST-BAS-0713,43,3,77.87,277.24,0,Month-to-month,Fiber optic,Electronic check,Yes,1
CUST-BAS-0714,59,11,75.16,830.59,0,Month-to-month,Fiber optic,Electronic check,Yes,0
CUST-BAS-0715,49,39,77.34,2951.42,1,One year,DSL,Credit card,Yes,0
CUST-BAS-0716,46,19,58.02,1128.42,2,Month-to-month,No,Bank transfer,Yes,0
CUST-BAS-0717,45,15,54.03,826.58,0,One year,Fiber optic,Mailed check,Yes,0
CUST-BAS-0718,27,15,85.76,1248.78,0,One year,No,Electronic check,No,1
CUST-BAS-0719,57,26,60.62,1678.36,2,Month-to-month,Fiber optic,Credit card,Yes,0
CUST-BAS-0720,49,23,63.35,1518.97,0,Month-to-month,DSL,Electronic check,Yes,0
